ALTER SESSION SET NLS_DATE_FORMAT = 'dd/mm/yyyy';

--OBJTYPE
INSERT INTO OBJTYPE (OBJECT_TYPE_ID,PARENT_ID,CODE,NAME,DESCRIPTION)
    VALUES (1, NULL, 'User', 'Пользователь', NULL);
INSERT INTO OBJTYPE (OBJECT_TYPE_ID,PARENT_ID,CODE,NAME,DESCRIPTION)
    VALUES (2, 1, 'EmployerData', 'Данные работодателя', NULL);
INSERT INTO OBJTYPE (OBJECT_TYPE_ID,PARENT_ID,CODE,NAME,DESCRIPTION)
    VALUES (3, NULL, 'WorkDay', 'Рабочий день', NULL);
INSERT INTO OBJTYPE (OBJECT_TYPE_ID,PARENT_ID,CODE,NAME,DESCRIPTION)
    VALUES (4, 2, 'DoctorData', 'Данные врачей', NULL);
INSERT INTO OBJTYPE (OBJECT_TYPE_ID,PARENT_ID,CODE,NAME,DESCRIPTION)
    VALUES (5, 3, 'Appointment', 'Прием', NULL);
INSERT INTO OBJTYPE (OBJECT_TYPE_ID,PARENT_ID,CODE,NAME,DESCRIPTION)
    VALUES (6, 4, 'DoctorSpecialization', 'Специализация доктора', NULL);
INSERT INTO OBJTYPE (OBJECT_TYPE_ID,PARENT_ID,CODE,NAME,DESCRIPTION)
    VALUES (7, NULL, 'GeneralInformation', 'Общая информация', NULL);

--ATTRTYPE User

INSERT INTO ATTRTYPE (ATTR_ID, OBJECT_TYPE_ID, OBJECT_TYPE_ID_REF, CODE, NAME)
    VALUES (1, 1, NULL, 'login', '');

INSERT INTO ATTRTYPE (ATTR_ID, OBJECT_TYPE_ID, OBJECT_TYPE_ID_REF, CODE, NAME)
    VALUES (2, 1, NULL, 'password', '');

INSERT INTO ATTRTYPE (ATTR_ID, OBJECT_TYPE_ID, OBJECT_TYPE_ID_REF, CODE, NAME)
    VALUES (3, 1, NULL, 'name', '');

INSERT INTO ATTRTYPE (ATTR_ID, OBJECT_TYPE_ID, OBJECT_TYPE_ID_REF, CODE, NAME)
    VALUES (4, 1, NULL, 'phoneNumber', '');

INSERT INTO ATTRTYPE (ATTR_ID, OBJECT_TYPE_ID, OBJECT_TYPE_ID_REF, CODE, NAME)
    VALUES (5, 1, NULL, 'birthDate', '');

INSERT INTO ATTRTYPE (ATTR_ID, OBJECT_TYPE_ID, OBJECT_TYPE_ID_REF, CODE, NAME)
    VALUES (6, 1, NULL, 'email', '');

INSERT INTO ATTRTYPE (ATTR_ID, OBJECT_TYPE_ID, OBJECT_TYPE_ID_REF, CODE, NAME)
    VALUES (7, 1, NULL, 'role', '');

INSERT INTO ATTRTYPE (ATTR_ID, OBJECT_TYPE_ID, OBJECT_TYPE_ID_REF, CODE, NAME)
    VALUES (8, 1, 2, 'employerData', '');

--ATTRTYPE EmployerData
INSERT INTO ATTRTYPE (ATTR_ID, OBJECT_TYPE_ID, OBJECT_TYPE_ID_REF, CODE, NAME)
    VALUES (9, 2, NULL, 'hiringDate', '');

INSERT INTO ATTRTYPE (ATTR_ID, OBJECT_TYPE_ID, OBJECT_TYPE_ID_REF, CODE, NAME)
    VALUES (10, 2, NULL, 'status', '');

INSERT INTO ATTRTYPE (ATTR_ID, OBJECT_TYPE_ID, OBJECT_TYPE_ID_REF, CODE, NAME)
    VALUES (11, 2, NULL, 'startWorkingTime', '');

INSERT INTO ATTRTYPE (ATTR_ID, OBJECT_TYPE_ID, OBJECT_TYPE_ID_REF, CODE, NAME)
    VALUES (12, 2, NULL, 'endWorkingTime', '');

INSERT INTO ATTRTYPE (ATTR_ID, OBJECT_TYPE_ID, OBJECT_TYPE_ID_REF, CODE, NAME)
    VALUES (13, 2, 4, 'doctorData', '');

--ATTRTYPE WorkDay
INSERT INTO ATTRTYPE (ATTR_ID, OBJECT_TYPE_ID, OBJECT_TYPE_ID_REF, CODE, NAME)
    VALUES (14, 3, NULL, 'employerId', '');

INSERT INTO ATTRTYPE (ATTR_ID, OBJECT_TYPE_ID, OBJECT_TYPE_ID_REF, CODE, NAME)
    VALUES (15, 3, NULL, 'date', '');
	
INSERT INTO ATTRTYPE (ATTR_ID, OBJECT_TYPE_ID, OBJECT_TYPE_ID_REF, CODE, NAME)
    VALUES (16, 3, 5, 'appointments', '');

--ATTRTYPE DoctorData
INSERT INTO ATTRTYPE (ATTR_ID, OBJECT_TYPE_ID, OBJECT_TYPE_ID_REF, CODE, NAME)
    VALUES (17, 4, 6, 'spec', '');

INSERT INTO ATTRTYPE (ATTR_ID, OBJECT_TYPE_ID, OBJECT_TYPE_ID_REF, CODE, NAME)
    VALUES (18, 4, NULL, 'appointmentDuration', '');
	

--ATTRTYPE Appointment
INSERT INTO ATTRTYPE (ATTR_ID, OBJECT_TYPE_ID, OBJECT_TYPE_ID_REF, CODE, NAME)
    VALUES (19, 5, NULL, 'expectedStart', '');

INSERT INTO ATTRTYPE (ATTR_ID, OBJECT_TYPE_ID, OBJECT_TYPE_ID_REF, CODE, NAME)
    VALUES (20, 5, NULL, 'expectedEnd', '');

INSERT INTO ATTRTYPE (ATTR_ID, OBJECT_TYPE_ID, OBJECT_TYPE_ID_REF, CODE, NAME)
    VALUES (21, 5, NULL, 'actualStart', '');

INSERT INTO ATTRTYPE (ATTR_ID, OBJECT_TYPE_ID, OBJECT_TYPE_ID_REF, CODE, NAME)
    VALUES (22, 5, NULL, 'actualEnd', '');

INSERT INTO ATTRTYPE (ATTR_ID, OBJECT_TYPE_ID, OBJECT_TYPE_ID_REF, CODE, NAME)
    VALUES (23, 5, NULL, 'doctorId', '');

INSERT INTO ATTRTYPE (ATTR_ID, OBJECT_TYPE_ID, OBJECT_TYPE_ID_REF, CODE, NAME)
    VALUES (24, 5, NULL, 'patientId', '');

INSERT INTO ATTRTYPE (ATTR_ID, OBJECT_TYPE_ID, OBJECT_TYPE_ID_REF, CODE, NAME)
    VALUES (25, 5, NULL, 'diagnosis', '');

INSERT INTO ATTRTYPE (ATTR_ID, OBJECT_TYPE_ID, OBJECT_TYPE_ID_REF, CODE, NAME)
    VALUES (26, 5, NULL, 'referral', '');

INSERT INTO ATTRTYPE (ATTR_ID, OBJECT_TYPE_ID, OBJECT_TYPE_ID_REF, CODE, NAME)
    VALUES (27, 5, NULL, 'nextAppointmentId', '');

INSERT INTO ATTRTYPE (ATTR_ID, OBJECT_TYPE_ID, OBJECT_TYPE_ID_REF, CODE, NAME)
    VALUES (28, 5, NULL, 'status', '');

--ATTRTYPE DoctorSpecialization
INSERT INTO ATTRTYPE (ATTR_ID, OBJECT_TYPE_ID, OBJECT_TYPE_ID_REF, CODE, NAME)
    VALUES (29, 6, NULL, 'title', '');
	
--ATTRTYPE GeneralInformation
INSERT INTO ATTRTYPE (ATTR_ID, OBJECT_TYPE_ID, OBJECT_TYPE_ID_REF, CODE, NAME)
    VALUES (30, 7, NULL, 'address', '');

INSERT INTO ATTRTYPE (ATTR_ID, OBJECT_TYPE_ID, OBJECT_TYPE_ID_REF, CODE, NAME)
    VALUES (31, 7, NULL, 'phone', '');

INSERT INTO ATTRTYPE (ATTR_ID, OBJECT_TYPE_ID, OBJECT_TYPE_ID_REF, CODE, NAME)
    VALUES (32, 7, NULL, 'workingStart', '');

INSERT INTO ATTRTYPE (ATTR_ID, OBJECT_TYPE_ID, OBJECT_TYPE_ID_REF, CODE, NAME)
    VALUES (33, 7, NULL, 'workingEnd', '');
	

--LISTS

--UserRole
INSERT INTO LISTS (LIST_VALUE_ID, ATTR_ID, VALUE)
    VALUES (1, 7, 'Admin');

INSERT INTO LISTS (LIST_VALUE_ID, ATTR_ID, VALUE)
    VALUES (2, 7, 'Doctor');

INSERT INTO LISTS (LIST_VALUE_ID, ATTR_ID, VALUE)
    VALUES (3, 7, 'Registry');

INSERT INTO LISTS (LIST_VALUE_ID, ATTR_ID, VALUE)
    VALUES (4, 7, 'Patient');

--EmployerStatus
INSERT INTO LISTS (LIST_VALUE_ID, ATTR_ID, VALUE)
    VALUES (5, 10, 'Works');

INSERT INTO LISTS (LIST_VALUE_ID, ATTR_ID, VALUE)
    VALUES (6, 10, 'Absent');

INSERT INTO LISTS (LIST_VALUE_ID, ATTR_ID, VALUE)
    VALUES (7, 10, 'Dismissed');

INSERT INTO LISTS (LIST_VALUE_ID, ATTR_ID, VALUE)
    VALUES (8, 10, 'Sick');

INSERT INTO LISTS (LIST_VALUE_ID, ATTR_ID, VALUE)
    VALUES (9, 10, 'BusinessTrip');

INSERT INTO LISTS (LIST_VALUE_ID, ATTR_ID, VALUE)
    VALUES (10, 10, 'Personal');

--AppointmentStatus
INSERT INTO LISTS (LIST_VALUE_ID, ATTR_ID, VALUE)
    VALUES (11, 28, 'Free');

INSERT INTO LISTS (LIST_VALUE_ID, ATTR_ID, VALUE)
    VALUES (12, 28, 'Reserved');

INSERT INTO LISTS (LIST_VALUE_ID, ATTR_ID, VALUE)
    VALUES (13, 28, 'NotAvailable');

--OBJECTS

INSERT INTO OBJECTS (OBJECT_ID, PARENT_ID, OBJECT_TYPE_ID, NAME, DESCRIPTION)
    VALUES (1, NULL, 1, 'Anton',  NULL);

INSERT INTO OBJECTS (OBJECT_ID, PARENT_ID, OBJECT_TYPE_ID, NAME, DESCRIPTION)
    VALUES (2, NULL, 1, 'Michale',  NULL);

INSERT INTO OBJECTS (OBJECT_ID, PARENT_ID, OBJECT_TYPE_ID, NAME, DESCRIPTION)
    VALUES (3, NULL, 1, 'Artem',  NULL);

INSERT INTO OBJECTS (OBJECT_ID, PARENT_ID, OBJECT_TYPE_ID, NAME, DESCRIPTION)
    VALUES (4, NULL, 1, 'Oleg',  NULL);


INSERT INTO OBJECTS (OBJECT_ID, PARENT_ID, OBJECT_TYPE_ID, NAME, DESCRIPTION)
    VALUES (5, 2, 2, 'employerData1',  NULL);

INSERT INTO OBJECTS (OBJECT_ID, PARENT_ID, OBJECT_TYPE_ID, NAME, DESCRIPTION)
    VALUES (6, 3, 2, 'employerData2',  NULL);


INSERT INTO OBJECTS (OBJECT_ID, PARENT_ID, OBJECT_TYPE_ID, NAME, DESCRIPTION)
    VALUES (7, 5, 3, 'workDay1',  NULL);

INSERT INTO OBJECTS (OBJECT_ID, PARENT_ID, OBJECT_TYPE_ID, NAME, DESCRIPTION)
    VALUES (8, 5, 3, 'workDay2',  NULL);

INSERT INTO OBJECTS (OBJECT_ID, PARENT_ID, OBJECT_TYPE_ID, NAME, DESCRIPTION)
    VALUES (9, 6, 3, 'workDay3',  NULL);

INSERT INTO OBJECTS (OBJECT_ID, PARENT_ID, OBJECT_TYPE_ID, NAME, DESCRIPTION)
    VALUES (10, 6, 3, 'workDay4',  NULL);


INSERT INTO OBJECTS (OBJECT_ID, PARENT_ID, OBJECT_TYPE_ID, NAME, DESCRIPTION)
    VALUES (11, 5, 4, 'doctorData1',  NULL);
	

INSERT INTO OBJECTS (OBJECT_ID, PARENT_ID, OBJECT_TYPE_ID, NAME, DESCRIPTION)
    VALUES (12, NULL, 5, 'appointment1',  NULL);

INSERT INTO OBJECTS (OBJECT_ID, PARENT_ID, OBJECT_TYPE_ID, NAME, DESCRIPTION)
    VALUES (13, NULL, 5, 'appointment2',  NULL);


INSERT INTO OBJECTS (OBJECT_ID, PARENT_ID, OBJECT_TYPE_ID, NAME, DESCRIPTION)
    VALUES (14, NULL, 6, 'doctorSpecialization1',  NULL);
	

INSERT INTO OBJECTS (OBJECT_ID, PARENT_ID, OBJECT_TYPE_ID, NAME, DESCRIPTION)
    VALUES (15, NULL, 7, 'generalInformation1',  NULL);

--ATTRIBUTES
--USER
INSERT INTO ATTRIBUTES (ATTR_ID, OBJECT_ID, VALUE)
    VALUES (1, 1, '1000');
INSERT INTO ATTRIBUTES (ATTR_ID, OBJECT_ID, VALUE)
    VALUES (2, 1, 'password1');
INSERT INTO ATTRIBUTES (ATTR_ID, OBJECT_ID, VALUE)
    VALUES (4, 1, '+380689515773');
INSERT INTO ATTRIBUTES (ATTR_ID, OBJECT_ID, DATE_VALUE)
    VALUES (5, 1, '28/06/1995');
INSERT INTO ATTRIBUTES (ATTR_ID, OBJECT_ID, VALUE)
    VALUES (6, 1, 'Anton157@gmail.com');
INSERT INTO ATTRIBUTES (ATTR_ID, OBJECT_ID, LIST_VALUE_ID)
    VALUES (7, 1, 1);

INSERT INTO ATTRIBUTES (ATTR_ID, OBJECT_ID, VALUE)
    VALUES (1, 2, '2000');
INSERT INTO ATTRIBUTES (ATTR_ID, OBJECT_ID, VALUE)
    VALUES (2, 2, 'password2');
INSERT INTO ATTRIBUTES (ATTR_ID, OBJECT_ID, VALUE)
    VALUES (4, 2, '+380985951765');
INSERT INTO ATTRIBUTES (ATTR_ID, OBJECT_ID, DATE_VALUE)
    VALUES (5, 2, '08/12/1978');
INSERT INTO ATTRIBUTES (ATTR_ID, OBJECT_ID, VALUE)
    VALUES (6, 2, 'Michale59517@gmail.com');
INSERT INTO ATTRIBUTES (ATTR_ID, OBJECT_ID, LIST_VALUE_ID)
    VALUES (7, 2, 2);

INSERT INTO ATTRIBUTES (ATTR_ID, OBJECT_ID, VALUE)
    VALUES (1, 3, '3000');
INSERT INTO ATTRIBUTES (ATTR_ID, OBJECT_ID, VALUE)
    VALUES (2, 3, 'password3');
INSERT INTO ATTRIBUTES (ATTR_ID, OBJECT_ID, VALUE)
    VALUES (4, 3, '+380982951454');
INSERT INTO ATTRIBUTES (ATTR_ID, OBJECT_ID, DATE_VALUE)
    VALUES (5, 3, '12/11/1986');
INSERT INTO ATTRIBUTES (ATTR_ID, OBJECT_ID, VALUE)
    VALUES (6, 3, 'Artem514@gmail.com');
INSERT INTO ATTRIBUTES (ATTR_ID, OBJECT_ID, LIST_VALUE_ID)
    VALUES (7, 3, 3);

INSERT INTO ATTRIBUTES (ATTR_ID, OBJECT_ID, VALUE)
    VALUES (1, 4, '4000');
INSERT INTO ATTRIBUTES (ATTR_ID, OBJECT_ID, VALUE)
    VALUES (2, 4, 'password4');
INSERT INTO ATTRIBUTES (ATTR_ID, OBJECT_ID, VALUE)
    VALUES (4, 4, '+380682448421');
INSERT INTO ATTRIBUTES (ATTR_ID, OBJECT_ID, DATE_VALUE)
    VALUES (5, 4, '12/11/1986');
INSERT INTO ATTRIBUTES (ATTR_ID, OBJECT_ID, VALUE)
    VALUES (6, 4, 'Oleg1986@gmail.com');
INSERT INTO ATTRIBUTES (ATTR_ID, OBJECT_ID, LIST_VALUE_ID)
    VALUES (7, 4, 4);

--EMPLOYER_DATA
INSERT INTO ATTRIBUTES (ATTR_ID, OBJECT_ID, DATE_VALUE)
    VALUES (9, 5, '04/05/2005');
INSERT INTO ATTRIBUTES (ATTR_ID, OBJECT_ID, LIST_VALUE_ID)
    VALUES (10, 5, 5);
INSERT INTO ATTRIBUTES (ATTR_ID, OBJECT_ID, VALUE)
    VALUES (11, 5, '08:00:00');
INSERT INTO ATTRIBUTES (ATTR_ID, OBJECT_ID, VALUE)
    VALUES (12, 5, '16:00:00');
INSERT INTO ATTRIBUTES (ATTR_ID, OBJECT_ID, VALUE)
    VALUES (13, 5, 1);

INSERT INTO ATTRIBUTES (ATTR_ID, OBJECT_ID, DATE_VALUE)
    VALUES (9, 6, '15/11/2010');
INSERT INTO ATTRIBUTES (ATTR_ID, OBJECT_ID, LIST_VALUE_ID)
    VALUES (10, 6, 5);
INSERT INTO ATTRIBUTES (ATTR_ID, OBJECT_ID, VALUE)
    VALUES (11, 6, '09:00:00');
INSERT INTO ATTRIBUTES (ATTR_ID, OBJECT_ID, VALUE)
    VALUES (12, 6, '18:00:00');
INSERT INTO ATTRIBUTES (ATTR_ID, OBJECT_ID, VALUE)
    VALUES (13, 6, 1);

--WORKDAY
INSERT INTO ATTRIBUTES (ATTR_ID, OBJECT_ID, DATE_VALUE)
    VALUES (15, 7, '27/09/2020');

INSERT INTO ATTRIBUTES (ATTR_ID, OBJECT_ID, DATE_VALUE)
    VALUES (15, 8, '29/10/2020');


INSERT INTO ATTRIBUTES (ATTR_ID, OBJECT_ID, DATE_VALUE)
    VALUES (15, 9, '28/10/2020');

INSERT INTO ATTRIBUTES (ATTR_ID, OBJECT_ID, DATE_VALUE)
    VALUES (15, 10, '22/11/2020');

--DOCTOR_DATA
INSERT INTO ATTRIBUTES (ATTR_ID, OBJECT_ID, VALUE)
    VALUES (18, 11, '00:30:00');

--APPOINTMENT
INSERT INTO ATTRIBUTES (ATTR_ID, OBJECT_ID, VALUE)
    VALUES (19, 12, '05/11/2021 15:00:00');
INSERT INTO ATTRIBUTES (ATTR_ID, OBJECT_ID, VALUE)
    VALUES (20, 12, '05/11/2021 15:30:00');
INSERT INTO ATTRIBUTES (ATTR_ID, OBJECT_ID, VALUE)
    VALUES (21, 12, '05/11/2021 15:04:00');
INSERT INTO ATTRIBUTES (ATTR_ID, OBJECT_ID, VALUE)
    VALUES (22, 12, '05/11/2021 15:24:00');
INSERT INTO ATTRIBUTES (ATTR_ID, OBJECT_ID, VALUE)
    VALUES (25, 12, 'Lung Cancer');
INSERT INTO ATTRIBUTES (ATTR_ID, OBJECT_ID, VALUE)
    VALUES (26, 12, 'X-ray examination');
INSERT INTO ATTRIBUTES (ATTR_ID, OBJECT_ID, LIST_VALUE_ID)
    VALUES (28, 12, 11);

INSERT INTO ATTRIBUTES (ATTR_ID, OBJECT_ID, VALUE)
    VALUES (19, 13, '05/12/2021 09:00:00');
INSERT INTO ATTRIBUTES (ATTR_ID, OBJECT_ID, VALUE)
    VALUES (20, 13, '05/12/2021 09:30:00');
INSERT INTO ATTRIBUTES (ATTR_ID, OBJECT_ID, VALUE)
    VALUES (21, 13, '05/12/2021 09:00:00');
INSERT INTO ATTRIBUTES (ATTR_ID, OBJECT_ID, VALUE)
    VALUES (22, 13, '05/12/2021 09:25:00');
INSERT INTO ATTRIBUTES (ATTR_ID, OBJECT_ID, VALUE)
    VALUES (25, 13, 'Lung Cancer');
INSERT INTO ATTRIBUTES (ATTR_ID, OBJECT_ID, VALUE)
    VALUES (26, 13, 'X-ray examination');
INSERT INTO ATTRIBUTES (ATTR_ID, OBJECT_ID, LIST_VALUE_ID)
    VALUES (28, 13, 12);
	
--DoctorSpecialization
INSERT INTO ATTRIBUTES (ATTR_ID, OBJECT_ID, VALUE)
    VALUES (29, 14, 'Cardeology');
	
--GeneralInformation
INSERT INTO ATTRIBUTES (ATTR_ID, OBJECT_ID, VALUE)
    VALUES (30, 15, 'Raskidailovskaya Street');
INSERT INTO ATTRIBUTES (ATTR_ID, OBJECT_ID, VALUE)
    VALUES (31, 15, '0487300030');
INSERT INTO ATTRIBUTES (ATTR_ID, OBJECT_ID, VALUE)
    VALUES (32, 15, '08:00:00');
INSERT INTO ATTRIBUTES (ATTR_ID, OBJECT_ID, VALUE)
    VALUES (33, 15, '18:00:00');


--OBJREFERENCE
	
INSERT INTO OBJREFERENCE (ATTR_ID, REFERENCE, OBJECT_ID)
	VALUES (16, 8, 12);	
INSERT INTO OBJREFERENCE (ATTR_ID, REFERENCE, OBJECT_ID)
	VALUES (16, 10, 13);	

INSERT INTO OBJREFERENCE (ATTR_ID, REFERENCE, OBJECT_ID)
	VALUES (17, 14, 11);

INSERT INTO OBJREFERENCE (ATTR_ID, REFERENCE, OBJECT_ID)
	VALUES (23, 12, 2);
INSERT INTO OBJREFERENCE (ATTR_ID, REFERENCE, OBJECT_ID)
	VALUES (23, 13, 4);
INSERT INTO OBJREFERENCE (ATTR_ID, REFERENCE, OBJECT_ID)
	VALUES (24, 12, 2);
INSERT INTO OBJREFERENCE (ATTR_ID, REFERENCE, OBJECT_ID)
	VALUES (24, 13, 4);

COMMIT;